Date,Price,Open,High,Low,Vol.,Change %,
"Feb 28, 2021",8.01,8.01,8.01,8.01,0,0.0000,0
"Feb 26, 2021",8.01,8.19,9.01,7.63,137.03,-0.0338,137.03M
"Feb 25, 2021",8.29,10.89,11,7.85,436.68,-0.0880,436.68M
"Feb 24, 2021",9.09,7.23,9.83,6.99,376.88,0.1805,376.88M
"Feb 23, 2021",7.7,6.97,7.86,6.01,261.76,0.1756,261.76M
"Feb 22, 2021",6.55,5.93,6.68,5.75,151.20,0.1491,151.20M
"Feb 19, 2021",5.7,5.54,5.77,5.51,40.25,0.0345,40.25M
"Feb 18, 2021",5.51,5.8,6.23,5.46,130.54,-0.0072,130.54M
"Feb 17, 2021",5.55,5.58,5.62,5.32,38.21,-0.0177,38.21M
"Feb 16, 2021",5.65,6.03,6.05,5.49,60.01,0.0107,60.01M
"Feb 12, 2021",5.59,5.72,5.97,5.52,46.77,-0.0036,46.77M
"Feb 11, 2021",5.61,5.62,5.85,5.47,54.92,-0.0328,54.92M
"Feb 10, 2021",5.8,5.71,6.59,5.45,150.10,0.0545,150.10M
"Feb 09, 2021",5.5,5.81,5.81,5.26,97.58,-0.1100,97.58M
"Feb 08, 2021",6.18,6.88,6.89,5.75,127.12,-0.0952,127.12M
"Feb 05, 2021",6.83,7.17,8.27,6.52,197.10,-0.0367,197.10M
"Feb 04, 2021",7.09,8.71,8.71,7,162.99,-0.2096,162.99M
"Feb 03, 2021",8.97,8.87,9.75,7.89,221.41,0.1471,221.41M
"Feb 02, 2021",7.82,9.41,10.01,6.08,462.78,-0.4120,462.78M
"Feb 01, 2021",13.3,17.14,17.14,12.94,434.61,0.0030,434.61M
"Jan 29, 2021",13.26,14.31,16,11.6,602.19,0.5365,602.19M
"Jan 28, 2021",8.63,12.03,16.35,6.52,591.22,-0.5663,591.22M
"Jan 27, 2021",19.9,20.31,20.32,11.01,1.25,3.0121,1.25B
"Jan 26, 2021",4.96,5.05,5.17,4.38,456.85,0.1222,456.85M
"Jan 25, 2021",4.42,4.71,4.88,3.87,443.24,0.2593,443.24M
"Jan 24, 2021",3.51,3.51,3.51,3.51,0,0.0000,-
"Jan 22, 2021",3.51,2.91,3.74,2.81,268.27,0.1779,268.27M
"Jan 21, 2021",2.98,2.99,3.06,2.86,64.82,0.0034,64.82M
"Jan 20, 2021",2.97,3.29,3.34,2.75,179.56,-0.0294,179.56M
"Jan 19, 2021",3.06,2.8,3.2,2.57,248.88,0.3133,248.88M
"Jan 15, 2021",2.33,2.2,2.55,2.18,162.36,0.0688,162.36M
"Jan 14, 2021",2.18,2.22,2.32,2.13,48.90,0.0000,48.90M
"Jan 13, 2021",2.18,2.33,2.38,2.13,45.85,-0.0480,45.85M
"Jan 12, 2021",2.29,2.24,2.39,2.23,41.30,0.0409,41.30M
"Jan 11, 2021",2.2,2.16,2.27,2.15,41.42,0.0280,41.42M
"Jan 10, 2021",2.14,2.14,2.14,2.14,0,0.0000,-
"Jan 09, 2021",2.14,2.14,2.14,2.14,0,0.0000,-
"Jan 08, 2021",2.14,2.09,2.21,2.08,39.55,0.0439,39.55M
"Jan 07, 2021",2.05,2.08,2.11,2.02,25.69,0.0199,25.69M
"Jan 06, 2021",2.01,2.01,2.19,1.97,67.36,0.0152,67.36M
"Jan 05, 2021",1.98,1.99,2.03,1.91,27.33,-0.0149,27.33M
"Jan 04, 2021",2.01,2.18,2.18,2,29.87,-0.0519,29.87M
"Dec 31, 2020",2.12,2.17,2.22,2.08,28.23,-0.0185,28.23M
"Dec 30, 2020",2.16,2.3,2.3,2.13,39.81,-0.0568,39.81M
"Dec 29, 2020",2.29,2.44,2.46,2.28,20.68,-0.0418,20.68M
"Dec 28, 2020",2.39,2.63,2.63,2.36,23.29,-0.0478,23.29M
"Dec 24, 2020",2.51,2.59,2.6,2.48,11.09,-0.0195,11.09M
"Dec 23, 2020",2.56,2.58,2.65,2.54,15.72,-0.0116,15.72M
"Dec 22, 2020",2.59,2.72,2.72,2.52,21.69,-0.0336,21.69M
"Dec 21, 2020",2.68,2.6,2.74,2.6,22.70,-0.0429,22.70M
"Dec 18, 2020",2.8,2.85,2.85,2.76,21.94,-0.0175,21.94M
"Dec 17, 2020",2.85,2.8,2.95,2.74,23.80,0.0252,23.80M
"Dec 16, 2020",2.78,2.86,2.88,2.72,25.42,-0.0280,25.42M
"Dec 15, 2020",2.86,3.23,3.23,2.76,54.43,-0.1034,54.43M
"Dec 14, 2020",3.19,4.01,4.01,3,66.65,-0.1862,66.65M
"Dec 11, 2020",3.92,4.04,4.25,3.87,22.31,-0.0416,22.31M
"Dec 10, 2020",4.09,3.79,4.1,3.77,17.97,0.0596,17.97M
"Dec 09, 2020",3.86,4.22,4.33,3.75,20.73,-0.0302,20.73M
"Dec 08, 2020",3.98,3.61,4.02,3.61,29.27,0.1180,29.27M
"Dec 07, 2020",3.56,3.45,3.74,3.33,20.23,0.0142,20.23M
"Dec 04, 2020",3.51,3.75,3.76,3.3,33.16,-0.0331,33.16M
"Dec 03, 2020",3.63,4.01,4.22,3.5,65.23,-0.1597,65.23M
"Dec 02, 2020",4.32,4.08,4.34,3.95,11.70,0.0410,11.70M
"Dec 01, 2020",4.15,4.42,4.42,4.09,12.29,-0.0281,12.29M
"Nov 30, 2020",4.27,4.41,4.45,3.99,16.45,-0.0404,16.45M
"Nov 27, 2020",4.45,4.54,4.62,4.36,10.10,-0.0089,10.10M
"Nov 25, 2020",4.49,4.57,4.85,4.2,22.65,-0.0197,22.65M
"Nov 24, 2020",4.58,4.16,5,4.15,62.19,0.2021,62.19M
"Nov 23, 2020",3.81,3.5,3.85,3.42,31.51,0.1373,31.51M
"Nov 22, 2020",3.35,3.35,3.35,3.35,0,0.0000,-
"Nov 20, 2020",3.35,3.25,3.37,3.21,17.09,0.0502,17.09M
"Nov 19, 2020",3.19,3.16,3.38,3.15,13.76,-0.0215,13.76M
"Nov 18, 2020",3.26,3.09,3.36,3.02,31.72,0.0940,31.72M
"Nov 17, 2020",2.98,3.01,3.04,2.9,22.27,-0.0418,22.27M
"Nov 16, 2020",3.11,3.39,3.39,3.05,47.60,0.0471,47.60M
"Nov 15, 2020",2.97,2.97,2.97,2.97,0,0.0000,-
"Nov 14, 2020",2.97,2.97,2.97,2.97,0,0.0000,-
"Nov 13, 2020",2.97,2.98,2.99,2.78,20.55,0.0102,20.55M
"Nov 12, 2020",2.94,3.07,3.07,2.92,14.63,-0.0607,14.63M
"Nov 11, 2020",3.13,3.23,3.24,3,23.87,-0.1083,23.87M
"Nov 10, 2020",3.51,3.99,4.03,3.34,41.69,-0.0690,41.69M
"Nov 09, 2020",3.77,4.29,4.39,3.24,132.51,0.5141,132.51M
"Nov 06, 2020",2.49,2.43,2.62,2.33,9.05,0.0122,9.05M
"Nov 05, 2020",2.46,2.35,2.57,2.27,7.99,0.0649,7.99M
"Nov 04, 2020",2.31,2.42,2.42,2.25,7.61,-0.0128,7.61M
"Nov 03, 2020",2.34,2.38,2.58,2.3,15.44,0.0884,15.44M
"Nov 02, 2020",2.15,2.3,2.32,2.11,11.18,-0.0890,11.18M
"Oct 30, 2020",2.36,2.48,2.49,2.28,11.01,-0.0635,11.01M
"Oct 29, 2020",2.52,2.65,2.65,2.48,9.02,-0.0345,9.02M
"Oct 28, 2020",2.61,2.68,2.74,2.58,8.14,-0.0645,8.14M
"Oct 27, 2020",2.79,2.88,2.9,2.61,11.18,0.0145,11.18M
"Oct 26, 2020",2.75,2.92,2.93,2.68,10.37,-0.0741,10.37M
"Oct 23, 2020",2.97,3.13,3.15,2.95,6.63,-0.0481,6.63M
"Oct 22, 2020",3.12,2.96,3.15,2.84,12.15,0.0400,12.15M
"Oct 21, 2020",3,3.1,3.12,2.98,7.28,-0.0291,7.28M
"Oct 20, 2020",3.09,3.3,3.31,3.05,15.90,-0.1271,15.90M
"Oct 19, 2020",3.54,3.31,3.88,3.23,40.23,0.1645,40.23M
"Oct 16, 2020",3.04,2.87,3.29,2.8,18.57,0.0935,18.57M
"Oct 15, 2020",2.78,2.86,2.96,2.76,9.81,-0.0608,9.81M
"Oct 14, 2020",2.96,3.1,3.2,2.66,31.76,-0.1638,31.76M
"Oct 13, 2020",3.54,3.9,3.9,3.52,10.16,-0.1324,10.16M
"Oct 12, 2020",4.08,4.03,4.09,4,3.19,0.0074,3.19M
"Oct 09, 2020",4.05,4.17,4.18,4.04,5.02,-0.0217,5.02M
"Oct 08, 2020",4.14,4.14,4.18,4.03,7.87,0.0248,7.87M
"Oct 07, 2020",4.04,4.08,4.11,3.94,6.87,-0.0049,6.87M
"Oct 06, 2020",4.06,4.26,4.27,4.05,8.40,-0.0169,8.40M
"Oct 05, 2020",4.13,4.31,4.34,4.05,9.47,-0.1118,9.47M
"Oct 02, 2020",4.65,4.48,4.66,4.42,3.58,0.0000,3.58M
"Oct 01, 2020",4.65,4.77,4.77,4.63,3.22,-0.0127,3.22M
"Sep 30, 2020",4.71,4.8,4.95,4.7,2.37,-0.0309,2.37M
"Sep 29, 2020",4.86,4.88,4.94,4.75,2.51,-0.0102,2.51M
"Sep 28, 2020",4.91,5.04,5.04,4.61,4.66,0.0061,4.66M
"Sep 25, 2020",4.88,4.64,4.93,4.5,2.38,0.0586,2.38M
"Sep 24, 2020",4.61,4.69,4.9,4.36,4.52,-0.0356,4.52M
"Sep 23, 2020",4.78,5.22,5.29,4.74,4.26,-0.0825,4.26M
"Sep 22, 2020",5.21,5.22,5.32,5.14,2.01,-0.0207,2.01M
"Sep 21, 2020",5.32,5.42,5.48,5.01,4.54,-0.0617,4.54M
"Sep 18, 2020",5.67,5.71,5.74,5.57,2.43,-0.0087,2.43M
"Sep 17, 2020",5.72,5.67,5.79,5.58,2.61,-0.0069,2.61M
"Sep 16, 2020",5.76,5.58,5.87,5.42,4.39,0.0435,4.39M
"Sep 15, 2020",5.52,5.62,5.87,5.52,5.10,-0.0036,5.10M
"Sep 14, 2020",5.54,5.83,5.83,5.51,4.64,-0.0432,4.64M
"Sep 11, 2020",5.79,6.06,6.07,5.6,4.86,-0.0253,4.86M
"Sep 10, 2020",5.94,6.31,6.36,5.88,5.88,-0.0511,5.88M
"Sep 09, 2020",6.26,6.44,6.5,6.12,5.58,-0.0249,5.58M
"Sep 08, 2020",6.42,6.76,6.95,6.37,6.62,-0.0855,6.62M
"Sep 04, 2020",7.02,6.76,7.02,6.23,9.33,0.0636,9.33M
"Sep 03, 2020",6.6,6.94,7.12,6.49,10.63,-0.0625,10.63M
"Sep 02, 2020",7.04,7.04,7.7,6.46,43.06,0.1598,43.06M
"Sep 01, 2020",6.07,5.85,6.17,5.85,9.71,0.0323,9.71M
"Aug 31, 2020",5.88,6.33,6.44,5.77,9.82,-0.0667,9.82M
"Aug 28, 2020",6.3,6.49,6.54,6.11,9.90,-0.0337,9.90M
"Aug 27, 2020",6.52,5.81,7.1,5.7,31.77,0.1643,31.77M
"Aug 26, 2020",5.6,5.45,5.66,5.34,4.42,0.0108,4.42M
"Aug 25, 2020",5.54,5.43,5.58,5.22,5.30,0.0240,5.30M
"Aug 24, 2020",5.41,5.32,5.45,4.94,8.50,0.0424,8.50M
"Aug 21, 2020",5.19,5.68,5.68,5.18,8.22,-0.0879,8.22M
"Aug 20, 2020",5.69,5.57,5.78,5.3,13.59,0.0557,13.59M
"Aug 19, 2020",5.39,5.35,5.47,5.18,5.73,0.0075,5.73M
"Aug 18, 2020",5.35,5.54,5.54,5.14,5.79,-0.0446,5.79M
"Aug 17, 2020",5.6,5.65,5.84,5.43,7.16,0.0108,7.16M
"Aug 14, 2020",5.54,5.56,5.63,5.05,12.06,0.0433,12.06M
"Aug 13, 2020",5.31,5.06,5.77,4.85,23.26,0.1444,23.26M
"Aug 12, 2020",4.64,4.62,4.76,4.56,2.43,0.0175,2.43M
"Aug 11, 2020",4.56,4.71,4.84,4.54,5.79,0.0201,5.79M
"Aug 10, 2020",4.47,4.65,4.74,4.35,5.01,-0.0589,5.01M
"Aug 07, 2020",4.75,4.14,5.26,4.09,24.92,0.1473,24.92M
"Aug 06, 2020",4.14,4.14,4.22,4,3.74,-0.0024,3.74M
"Aug 05, 2020",4.15,4.09,4.17,4.07,1.70,0.0122,1.70M
